anecdoteId,competenceId,groupe,sourceCell
C001_SHEET_1,AMELIORER,RESULTAT,C001:1:R5C8
C001_SHEET_1,ASSURER_LA_DIRECTION,RESULTAT,C001:1:R5C9
C001_SHEET_1,DISCUTER,RESULTAT,C001:1:R5C10
C001_SHEET_1,AMELIORER,RESULTAT,C001:1:R6C4
C001_SHEET_1,ANTICIPER,PLAISIR,C001:1:R6C7
C001_SHEET_1,CONDUIRE,RESULTAT,C001:1:R6C9
C001_SHEET_1,ECHANGER,PLAISIR,C001:1:R6C10
C001_SHEET_1,APPRENDRE,PLAISIR,C001:1:R6C11
C001_SHEET_1,CONFIER,RESULTAT,C001:1:R7C9
C001_SHEET_1,ECOUTER,PLAISIR,C001:1:R7C10
C001_SHEET_1,CONSULTER,RESULTAT,C001:1:R9C8
C001_SHEET_1,EXAMINER,RESULTAT,C001:1:R12C3
C001_SHEET_1,COORDONNER,RESULTAT,C001:1:R12C7
C001_SHEET_1,ETUDIER,RESULTAT,C001:1:R12C8
C001_SHEET_1,ELIMINER,RESULTAT,C001:1:R12C12
C001_SHEET_1,INFORMER,MAITRISE,C001:1:R12C14
C001_SHEET_1,ELABORER,RESULTAT,C001:1:R13C6
C001_SHEET_1,PRESENTER,RESULTAT,C001:1:R14C10
C001_SHEET_1,REDIGER,MAITRISE,C001:1:R15C10
C001_SHEET_1,PROMOUVOIR,RESULTAT,C001:1:R16C14
C001_SHEET_1,OPTIMISER,RESULTAT,C001:1:R17C4
C001_SHEET_1,PROSPECTER,RESULTAT,C001:1:R17C8
C001_SHEET_1,RECHERCHER,RESULTAT,C001:1:R18C8
C001_SHEET_1,TESTER,MAITRISE,C001:1:R20C3
C001_SHEET_1,TRANSFORMER,RESULTAT,C001:1:R20C8
C001_SHEET_1,PILOTER,RESULTAT,C001:1:R20C9
C001_SHEET_1,VALIDER,MAITRISE,C001:1:R21C3
C001_SHEET_1,PRECONISER,RESULTAT,C001:1:R21C5
C001_SHEET_1,TRANCHER,RESULTAT,C001:1:R21C12
C001_SHEET_1,VERIFIER,MAITRISE,C001:1:R22C3
C001_SHEET_1,PLANIFIER,RESULTAT,C001:1:R22C7
C001_SHEET_1,RECOMMANDER,RESULTAT,C001:1:R23C5
C001_SHEET_1,METTRE_EN_PLACE,RESULTAT,C001:1:R23C6
C001_SHEET_1,PREVOIR,MAITRISE,C001:1:R24C7
C001_SHEET_1,SUPERVISER,PLAISIR,C001:1:R29C7
C001_SHEET_2,ADAPTER,MAITRISE,C001:2:R4C8
C001_SHEET_2,ASSISTER,MAITRISE,C001:2:R6C5
C001_SHEET_2,ANTICIPER,PLAISIR,C001:2:R6C7
C001_SHEET_2,CONDUIRE,MAITRISE,C001:2:R6C9
C001_SHEET_2,ECHANGER,PLAISIR,C001:2:R6C10
C001_SHEET_2,APPRENDRE,MAITRISE,C001:2:R6C11
C001_SHEET_2,ECOUTER,PLAISIR,C001:2:R7C10
C001_SHEET_2,DONNER_UN_AVIS,MAITRISE,C001:2:R8C5
C001_SHEET_2,COORDONNER,MAITRISE,C001:2:R8C9
C001_SHEET_2,CHOISIR,MAITRISE,C001:2:R8C12
C001_SHEET_2,DIAGNOSTIQUER,MAITRISE,C001:2:R9C3
C001_SHEET_2,EVALUER,MAITRISE,C001:2:R11C3
C001_SHEET_2,ELABORER,MAITRISE,C001:2:R12C4
C001_SHEET_2,CONSEILLER,MAITRISE,C001:2:R12C5
C001_SHEET_2,COORDONNER,MAITRISE,C001:2:R12C7
C001_SHEET_2,ETUDIER,MAITRISE,C001:2:R12C8
C001_SHEET_2,INTERROGER,MAITRISE,C001:2:R12C10
C001_SHEET_2,ELABORER,MAITRISE,C001:2:R13C6
C001_SHEET_2,IMAGINER,MAITRISE,C001:2:R14C8
C001_SHEET_2,PRESENTER,RESULTAT,C001:2:R14C10
C001_SHEET_2,REDIGER,MAITRISE,C001:2:R15C10
C001_SHEET_2,PROMOUVOIR,MAITRISE,C001:2:R16C14
C001_SHEET_2,OPTIMISER,RESULTAT,C001:2:R17C4
C001_SHEET_2,PREVOIR,PLAISIR,C001:2:R17C12
C001_SHEET_2,SUPERVISER,MAITRISE,C001:2:R18C3
C001_SHEET_2,TESTER,MAITRISE,C001:2:R20C3
C001_SHEET_2,PILOTER,MAITRISE,C001:2:R20C9
C001_SHEET_2,VALIDER,MAITRISE,C001:2:R21C3
C001_SHEET_2,VERIFIER,MAITRISE,C001:2:R22C3
C001_SHEET_2,RECOMMANDER,MAITRISE,C001:2:R23C5
C001_SHEET_2,PROGRAMMER,MAITRISE,C001:2:R23C7
C001_SHEET_2,SUPERVISER,PLAISIR,C001:2:R23C9
C001_SHEET_2,SENSIBILISER,MAITRISE,C001:2:R24C5
C001_SHEET_2,PREVOIR,PLAISIR,C001:2:R24C7
C001_SHEET_3,DISCUTER,RESULTAT,C001:3:R5C10
C001_SHEET_3,ECHANGER,RESULTAT,C001:3:R6C10
C001_SHEET_3,APPRENDRE,PLAISIR,C001:3:R6C11
C001_SHEET_3,ECOUTER,PLAISIR,C001:3:R7C10
C001_SHEET_3,COORDONNER,MAITRISE,C001:3:R8C9
C001_SHEET_3,EXPRIMER,RESULTAT,C001:3:R9C10
C001_SHEET_3,CONSEILLER,MAITRISE,C001:3:R9C11
C001_SHEET_3,COLLABORER,RESULTAT,C001:3:R10C5
C001_SHEET_3,ECOUTER,PLAISIR,C001:3:R11C13
C001_SHEET_3,COORDONNER,MAITRISE,C001:3:R12C7
C001_SHEET_3,REDIGER,MAITRISE,C001:3:R15C10
C001_SHEET_3,GUIDER,MAITRISE,C001:3:R15C11
C001_SHEET_3,PROPOSER,RESULTAT,C001:3:R15C13
C001_SHEET_3,MOBILISER,MAITRISE,C001:3:R16C9
C001_SHEET_3,SYNTHETISER,PLAISIR,C001:3:R19C11
C001_SHEET_3,PRESENTER,MAITRISE,C001:3:R21C9
C001_SHEET_3,PREVOIR,MAITRISE,C001:3:R24C7
C001_SHEET_4,DIALOGUER,MAITRISE,C001:4:R4C10
C001_SHEET_4,ANALYSER,RESULTAT,C001:4:R4C12
C001_SHEET_4,APPLIQUER,RESULTAT,C001:4:R5C6
C001_SHEET_4,BUDGETER,RESULTAT,C001:4:R6C3
C001_SHEET_4,ANTICIPER,PLAISIR,C001:4:R6C7
C001_SHEET_4,ECHANGER,MAITRISE,C001:4:R6C10
C001_SHEET_4,APPRENDRE,MAITRISE,C001:4:R6C11
C001_SHEET_4,AVERTIR,MAITRISE,C001:4:R7C5
C001_SHEET_4,CALCULER,RESULTAT,C001:4:R7C8
C001_SHEET_4,CONFIER,RESULTAT,C001:4:R7C9
C001_SHEET_4,ECOUTER,MAITRISE,C001:4:R7C10
C001_SHEET_4,DONNER_UN_AVIS,RESULTAT,C001:4:R8C5
C001_SHEET_4,COORDONNER,RESULTAT,C001:4:R8C9
C001_SHEET_4,DIAGNOSTIQUER,RESULTAT,C001:4:R9C3
C001_SHEET_4,DELEGUER,RESULTAT,C001:4:R9C9
C001_SHEET_4,CONVAINCRE,RESULTAT,C001:4:R9C13
C001_SHEET_4,INTERROGER,MAITRISE,C001:4:R12C10
C001_SHEET_4,ELARGIR,RESULTAT,C001:4:R13C4
C001_SHEET_4,IMPLANTER,RESULTAT,C001:4:R15C4
C001_SHEET_4,EXECUTER,MAITRISE,C001:4:R16C6
C001_SHEET_4,FABRIQUER,RESULTAT,C001:4:R17C6
C001_SHEET_4,TRANSMETTRE,MAITRISE,C001:4:R17C10
C001_SHEET_4,SUPERVISER,MAITRISE,C001:4:R18C3
C001_SHEET_4,FAIRE,PLAISIR,C001:4:R18C6
C001_SHEET_4,ORDONNER,RESULTAT,C001:4:R18C9
C001_SHEET_4,RENTABILISER,RESULTAT,C001:4:R18C12
C001_SHEET_4,PROMOUVOIR,RESULTAT,C001:4:R19C4
C001_SHEET_4,FORMER,RESULTAT,C001:4:R19C6
C001_SHEET_4,SIMULER,PLAISIR,C001:4:R19C8
C001_SHEET_4,SUGGERER,MAITRISE,C001:4:R19C13
C001_SHEET_4,PILOTER,RESULTAT,C001:4:R20C9
C001_SHEET_4,VALIDER,MAITRISE,C001:4:R21C3
C001_SHEET_4,PRECONISER,MAITRISE,C001:4:R21C5
C001_SHEET_4,TRANCHER,RESULTAT,C001:4:R21C12
C001_SHEET_4,VERIFIER,MAITRISE,C001:4:R22C3
C001_SHEET_4,METTRE_EN_PLACE,PLAISIR,C001:4:R23C6
C001_SHEET_4,SUPERVISER,RESULTAT,C001:4:R23C9
C001_SHEET_4,SENSIBILISER,MAITRISE,C001:4:R24C5
C001_SHEET_4,PREPARER,MAITRISE,C001:4:R25C6
C001_SHEET_4,REPARTIR,RESULTAT,C001:4:R26C7
C001_SHEET_4,VALIDER,RESULTAT,C001:4:R28C6
C001_SHEET_5,APPLIQUER,MAITRISE,C001:5:R5C6
C001_SHEET_5,ANTICIPER,RESULTAT,C001:5:R6C7
C001_SHEET_5,APPRENDRE,MAITRISE,C001:5:R6C11
C001_SHEET_5,ECOUTER,MAITRISE,C001:5:R7C10
C001_SHEET_5,COORDONNER,RESULTAT,C001:5:R12C7
C001_SHEET_5,FAIRE,PLAISIR,C001:5:R18C6
C001_SHEET_5,METTRE_EN_PLACE,PLAISIR,C001:5:R23C6
C001_SHEET_5,PREVOIR,RESULTAT,C001:5:R24C7
C001_SHEET_6,APPLIQUER,PLAISIR,C001:6:R5C6
C001_SHEET_6,ARGUMENTER,RESULTAT,C001:6:R5C13
C001_SHEET_6,CONVAINCRE,RESULTAT,C001:6:R9C13
C001_SHEET_6,INFORMER,MAITRISE,C001:6:R11C10
C001_SHEET_6,ECOUTER,PLAISIR,C001:6:R11C13
C001_SHEET_6,INFORMER,MAITRISE,C001:6:R12C14
C001_SHEET_6,DISTRIBUER,MAITRISE,C001:6:R13C7
C001_SHEET_6,EXECUTER,PLAISIR,C001:6:R16C6
C001_SHEET_6,RENSEIGNER,MAITRISE,C001:6:R16C10
C001_SHEET_6,PROMOUVOIR,PLAISIR,C001:6:R16C14
C001_SHEET_6,PROSPECTER,MAITRISE,C001:6:R17C14
C001_SHEET_7,ECHANGER,PLAISIR,C001:7:R6C10
C001_SHEET_7,APPRENDRE,MAITRISE,C001:7:R6C11
C001_SHEET_7,ECOUTER,PLAISIR,C001:7:R7C10
C001_SHEET_7,CREER,PLAISIR,C001:7:R10C8
C001_SHEET_7,IMAGINER,MAITRISE,C001:7:R14C8
C001_SHEET_7,FABRIQUER,PLAISIR,C001:7:R17C6
C001_SHEET_7,PROSPECTER,MAITRISE,C001:7:R17C8
C001_SHEET_7,RECHERCHER,PLAISIR,C001:7:R18C8
C001_SHEET_7,REALISER,PLAISIR,C001:7:R27C6
C001_SHEET_8,APPLIQUER,PLAISIR,C001:8:R5C6
C001_SHEET_8,DISCUTER,PLAISIR,C001:8:R5C10
C001_SHEET_8,ANTICIPER,MAITRISE,C001:8:R6C7
C001_SHEET_8,ECHANGER,PLAISIR,C001:8:R6C10
C001_SHEET_8,APPRENDRE,PLAISIR,C001:8:R6C11
C001_SHEET_8,ECOUTER,PLAISIR,C001:8:R7C10
C001_SHEET_8,EXECUTER,PLAISIR,C001:8:R16C6
C001_SHEET_8,PREVOIR,MAITRISE,C001:8:R24C7
C001_SHEET_8,REALISER,PLAISIR,C001:8:R27C6
C001_SHEET_9,APPLIQUER,PLAISIR,C001:9:R5C6
C001_SHEET_9,APPRENDRE,PLAISIR,C001:9:R6C11
C001_SHEET_9,ECOUTER,PLAISIR,C001:9:R7C10
C001_SHEET_9,COMPOSER,PLAISIR,C001:9:R9C6
C001_SHEET_9,CONSEILLER,PLAISIR,C001:9:R12C5
C001_SHEET_9,IMAGINER,PLAISIR,C001:9:R14C8
C001_SHEET_9,EXECUTER,PLAISIR,C001:9:R16C6
C001_SHEET_9,OBSERVER,PLAISIR,C001:9:R16C8
C001_SHEET_9,FABRIQUER,PLAISIR,C001:9:R17C6
C001_SHEET_9,PROSPECTER,PLAISIR,C001:9:R17C8
C001_SHEET_9,FOURNIR,PLAISIR,C001:9:R20C6
C001_SHEET_9,PRECONISER,PLAISIR,C001:9:R21C5
C001_SHEET_9,RECOMMANDER,PLAISIR,C001:9:R23C5
C001_SHEET_9,REALISER,PLAISIR,C001:9:R27C6
C001_SHEET_10,CONVAINCRE,RESULTAT,C001:10:R9C13
C001_SHEET_10,ECOUTER,RESULTAT,C001:10:R11C13
C001_SHEET_10,ETUDIER,RESULTAT,C001:10:R12C8
C001_SHEET_10,ELIMINER,RESULTAT,C001:10:R12C12
C001_SHEET_10,EVALUER,RESULTAT,C001:10:R13C12
C001_SHEET_10,PROSPECTER,RESULTAT,C001:10:R17C8
C001_SHEET_10,RECHERCHER,RESULTAT,C001:10:R18C8
C001_SHEET_10,SIMULER,RESULTAT,C001:10:R19C8
C002_RECAP,CALCULER,PLAISIR,C002:récap compétences (Exemple:R4C2
C002_RECAP,DIAGNOSTIQUER,PLAISIR,C002:récap compétences (Exemple:R4C2
C002_RECAP,ENQUETER,PLAISIR,C002:récap compétences (Exemple:R4C2
C002_RECAP,EXAMINER,PLAISIR,C002:récap compétences (Exemple:R4C2
C002_RECAP,MESURER,PLAISIR,C002:récap compétences (Exemple:R4C2
C002_RECAP,VERIFIER,PLAISIR,C002:récap compétences (Exemple:R4C2
C002_RECAP,DIAGNOSTIQUER,PLAISIR,C002:récap compétences (Exemple:R20C2
C002_RECAP,AMELIORER,MAITRISE,C002:récap compétences (Exemple:R3C3
C002_RECAP,ELARGIR,MAITRISE,C002:récap compétences (Exemple:R3C3
C002_RECAP,PROGRESSER,MAITRISE,C002:récap compétences (Exemple:R3C3
C002_RECAP,PROMOUVOIR,MAITRISE,C002:récap compétences (Exemple:R3C3
C002_RECAP,STIMULER,MAITRISE,C002:récap compétences (Exemple:R3C3
C002_RECAP,VALORISER,MAITRISE,C002:récap compétences (Exemple:R3C3
C002_RECAP,STIMULER,MAITRISE,C002:récap compétences (Exemple:R19C3
C002_RECAP,ACCOMPAGNER,MAITRISE,C002:récap compétences (Exemple:R3C4
C002_RECAP,APPORTER,MAITRISE,C002:récap compétences (Exemple:R3C4
C002_RECAP,DONNER_UN_AVIS,MAITRISE,C002:récap compétences (Exemple:R3C4
C002_RECAP,CLARIFIER,MAITRISE,C002:récap compétences (Exemple:R3C4
C002_RECAP,DEVELOPPER,MAITRISE,C002:récap compétences (Exemple:R3C4
C002_RECAP,DIAGNOSTIQUER,MAITRISE,C002:récap compétences (Exemple:R3C4
C002_RECAP,OFFRIR,MAITRISE,C002:récap compétences (Exemple:R3C4
C002_RECAP,ORIENTER,MAITRISE,C002:récap compétences (Exemple:R3C4
C002_RECAP,PRECONISER,MAITRISE,C002:récap compétences (Exemple:R3C4
C002_RECAP,SUGGERER,MAITRISE,C002:récap compétences (Exemple:R3C4
C002_RECAP,ACCOMPAGNER,PLAISIR,C002:récap compétences (Exemple:R4C4
C002_RECAP,APPORTER,PLAISIR,C002:récap compétences (Exemple:R4C4
C002_RECAP,DONNER_UN_AVIS,PLAISIR,C002:récap compétences (Exemple:R4C4
C002_RECAP,CLARIFIER,PLAISIR,C002:récap compétences (Exemple:R4C4
C002_RECAP,COLLABORER,PLAISIR,C002:récap compétences (Exemple:R4C4
C002_RECAP,CONDUIRE,PLAISIR,C002:récap compétences (Exemple:R4C4
C002_RECAP,CONSEILLER,PLAISIR,C002:récap compétences (Exemple:R4C4
C002_RECAP,CONTRIBUER,PLAISIR,C002:récap compétences (Exemple:R4C4
C002_RECAP,CREER,PLAISIR,C002:récap compétences (Exemple:R4C4
C002_RECAP,DEVELOPPER,PLAISIR,C002:récap compétences (Exemple:R4C4
C002_RECAP,ORIENTER,PLAISIR,C002:récap compétences (Exemple:R4C4
C002_RECAP,RENSEIGNER,PLAISIR,C002:récap compétences (Exemple:R4C4
C002_RECAP,PRECONISER,MAITRISE,C002:récap compétences (Exemple:R19C4
C002_RECAP,ACCOMPAGNER,PLAISIR,C002:récap compétences (Exemple:R20C4
C002_RECAP,ORIENTER,PLAISIR,C002:récap compétences (Exemple:R20C4
C002_RECAP,AMENER_A,MAITRISE,C002:récap compétences (Exemple:R3C5
C002_RECAP,CATALYSER,MAITRISE,C002:récap compétences (Exemple:R3C5
C002_RECAP,COMPOSER,MAITRISE,C002:récap compétences (Exemple:R3C5
C002_RECAP,ELABORER,MAITRISE,C002:récap compétences (Exemple:R3C5
C002_RECAP,EXECUTER,MAITRISE,C002:récap compétences (Exemple:R3C5
C002_RECAP,PROVOQUER,MAITRISE,C002:récap compétences (Exemple:R3C5
C002_RECAP,REALISER,MAITRISE,C002:récap compétences (Exemple:R3C5
C002_RECAP,VALIDER,MAITRISE,C002:récap compétences (Exemple:R3C5
C002_RECAP,COMPOSER,PLAISIR,C002:récap compétences (Exemple:R4C5
C002_RECAP,EFFECTUER,PLAISIR,C002:récap compétences (Exemple:R4C5
C002_RECAP,ELABORER,PLAISIR,C002:récap compétences (Exemple:R4C5
C002_RECAP,EQUIPER,PLAISIR,C002:récap compétences (Exemple:R4C5
C002_RECAP,FABRIQUER,PLAISIR,C002:récap compétences (Exemple:R4C5
C002_RECAP,FAIRE,PLAISIR,C002:récap compétences (Exemple:R4C5
C002_RECAP,FORMER,PLAISIR,C002:récap compétences (Exemple:R4C5
C002_RECAP,METTRE_EN_PLACE,PLAISIR,C002:récap compétences (Exemple:R4C5
C002_RECAP,PREPARER,PLAISIR,C002:récap compétences (Exemple:R4C5
C002_RECAP,REALISER,PLAISIR,C002:récap compétences (Exemple:R4C5
C002_RECAP,CATALYSER,MAITRISE,C002:récap compétences (Exemple:R19C5
C002_RECAP,FABRIQUER,PLAISIR,C002:récap compétences (Exemple:R20C5
C002_RECAP,FAIRE,PLAISIR,C002:récap compétences (Exemple:R20C5
C002_RECAP,METTRE_EN_PLACE,PLAISIR,C002:récap compétences (Exemple:R20C5
C002_RECAP,VERBES_RESULTAT_EN_GRAS_LES_PLUS_FREQUENTS,RESULTAT,C002:récap compétences (Exemple:R38C5
C002_RECAP,VERBES_MAITRISE_EN_GRAS_LES_PLUS_FREQUENTS,MAITRISE,C002:récap compétences (Exemple:R47C5
C002_RECAP,VERBES_PLAISIR_EN_GRAS_LES_PLUS_FREQUENTS,PLAISIR,C002:récap compétences (Exemple:R50C5
C002_RECAP,AMENAGER,RESULTAT,C002:récap compétences (Exemple:R2C6
C002_RECAP,ANTICIPER,RESULTAT,C002:récap compétences (Exemple:R2C6
C002_RECAP,BUDGETER,RESULTAT,C002:récap compétences (Exemple:R2C6
C002_RECAP,COMPTABLISER,RESULTAT,C002:récap compétences (Exemple:R2C6
C002_RECAP,EXPLOITER,RESULTAT,C002:récap compétences (Exemple:R2C6
C002_RECAP,OPTIMISER,RESULTAT,C002:récap compétences (Exemple:R2C6
C002_RECAP,ORDONNER,RESULTAT,C002:récap compétences (Exemple:R2C6
C002_RECAP,PLANIFIER,RESULTAT,C002:récap compétences (Exemple:R2C6
C002_RECAP,REPARTIR,RESULTAT,C002:récap compétences (Exemple:R2C6
C002_RECAP,STRUCTURER,RESULTAT,C002:récap compétences (Exemple:R2C6
C002_RECAP,AMENAGER,MAITRISE,C002:récap compétences (Exemple:R3C6
C002_RECAP,BUDGETER,MAITRISE,C002:récap compétences (Exemple:R3C6
C002_RECAP,COMPTABILISER,MAITRISE,C002:récap compétences (Exemple:R3C6
C002_RECAP,CONSOLIDER,MAITRISE,C002:récap compétences (Exemple:R3C6
C002_RECAP,EXPLOITER,MAITRISE,C002:récap compétences (Exemple:R3C6
C002_RECAP,OPTIMISER,MAITRISE,C002:récap compétences (Exemple:R3C6
C002_RECAP,ORDONNER,MAITRISE,C002:récap compétences (Exemple:R3C6
C002_RECAP,PLANIFIER,MAITRISE,C002:récap compétences (Exemple:R3C6
C002_RECAP,REPARTIR,MAITRISE,C002:récap compétences (Exemple:R3C6
C002_RECAP,STRUCTURER,MAITRISE,C002:récap compétences (Exemple:R3C6
C002_RECAP,ASSAINIR,PLAISIR,C002:récap compétences (Exemple:R4C6
C002_RECAP,COMPTABILISER,PLAISIR,C002:récap compétences (Exemple:R4C6
C002_RECAP,COORDONNER,PLAISIR,C002:récap compétences (Exemple:R4C6
C002_RECAP,ORDONNER,PLAISIR,C002:récap compétences (Exemple:R4C6
C002_RECAP,PLANIFIER,PLAISIR,C002:récap compétences (Exemple:R4C6
C002_RECAP,STRUCTURER,PLAISIR,C002:récap compétences (Exemple:R4C6
C002_RECAP,SUPERVISER,PLAISIR,C002:récap compétences (Exemple:R4C6
C002_RECAP,ORDONNER,RESULTAT,C002:récap compétences (Exemple:R18C6
C002_RECAP,STRUCTURER,RESULTAT,C002:récap compétences (Exemple:R18C6
C002_RECAP,AMENAGER,MAITRISE,C002:récap compétences (Exemple:R19C6
C002_RECAP,STRUCTURER,MAITRISE,C002:récap compétences (Exemple:R19C6
C002_RECAP,COORDONNER,PLAISIR,C002:récap compétences (Exemple:R20C6
C002_RECAP,ADAPTER,MAITRISE,C002:récap compétences (Exemple:R3C7
C002_RECAP,AMELIORER,MAITRISE,C002:récap compétences (Exemple:R3C7
C002_RECAP,ANALYSER,MAITRISE,C002:récap compétences (Exemple:R3C7
C002_RECAP,CALCULER,MAITRISE,C002:récap compétences (Exemple:R3C7
C002_RECAP,CONCEVOIR,MAITRISE,C002:récap compétences (Exemple:R3C7
C002_RECAP,CONSULTER,MAITRISE,C002:récap compétences (Exemple:R3C7
C002_RECAP,CREER,MAITRISE,C002:récap compétences (Exemple:R3C7
C002_RECAP,ELABORER,MAITRISE,C002:récap compétences (Exemple:R3C7
C002_RECAP,ETUDIER,MAITRISE,C002:récap compétences (Exemple:R3C7
C002_RECAP,OBSERVER,MAITRISE,C002:récap compétences (Exemple:R3C7
C002_RECAP,PROSPECTER,MAITRISE,C002:récap compétences (Exemple:R3C7
C002_RECAP,RECHERCHER,MAITRISE,C002:récap compétences (Exemple:R3C7
C002_RECAP,SIMULER,MAITRISE,C002:récap compétences (Exemple:R3C7
C002_RECAP,TRANSFORMER,MAITRISE,C002:récap compétences (Exemple:R3C7
C002_RECAP,CONCEVOIR,PLAISIR,C002:récap compétences (Exemple:R4C7
C002_RECAP,EXPERIMENTER,PLAISIR,C002:récap compétences (Exemple:R4C7
C002_RECAP,INVENTER,PLAISIR,C002:récap compétences (Exemple:R4C7
C002_RECAP,PROSPECTER,PLAISIR,C002:récap compétences (Exemple:R4C7
C002_RECAP,RECHERCHER,PLAISIR,C002:récap compétences (Exemple:R4C7
C002_RECAP,SIMULER,PLAISIR,C002:récap compétences (Exemple:R4C7
C002_RECAP,CONCEVOIR,MAITRISE,C002:récap compétences (Exemple:R19C7
C002_RECAP,OBSERVER,MAITRISE,C002:récap compétences (Exemple:R19C7
C002_RECAP,EXPERIMENTER,PLAISIR,C002:récap compétences (Exemple:R20C7
C002_RECAP,ANIMER,RESULTAT,C002:récap compétences (Exemple:R2C8
C002_RECAP,CONDUIRE,RESULTAT,C002:récap compétences (Exemple:R2C8
C002_RECAP,COORDONNER,RESULTAT,C002:récap compétences (Exemple:R2C8
C002_RECAP,DELEGUER,RESULTAT,C002:récap compétences (Exemple:R2C8
C002_RECAP,DETERMINER,RESULTAT,C002:récap compétences (Exemple:R2C8
C002_RECAP,EVALUER,RESULTAT,C002:récap compétences (Exemple:R2C8
C002_RECAP,IMPULSER,RESULTAT,C002:récap compétences (Exemple:R2C8
C002_RECAP,MOBILISER,RESULTAT,C002:récap compétences (Exemple:R2C8
C002_RECAP,NEGOCIER,RESULTAT,C002:récap compétences (Exemple:R2C8
C002_RECAP,ORIENTER,RESULTAT,C002:récap compétences (Exemple:R2C8
C002_RECAP,PILOTER,RESULTAT,C002:récap compétences (Exemple:R2C8
C002_RECAP,PRESENTER,RESULTAT,C002:récap compétences (Exemple:R2C8
C002_RECAP,SUPERVISER,RESULTAT,C002:récap compétences (Exemple:R2C8
C002_RECAP,ANIMER,MAITRISE,C002:récap compétences (Exemple:R3C8
C002_RECAP,COORDONNER,MAITRISE,C002:récap compétences (Exemple:R3C8
C002_RECAP,DELEGUER,MAITRISE,C002:récap compétences (Exemple:R3C8
C002_RECAP,EVALUER,MAITRISE,C002:récap compétences (Exemple:R3C8
C002_RECAP,IMPULSER,MAITRISE,C002:récap compétences (Exemple:R3C8
C002_RECAP,MOBILISER,MAITRISE,C002:récap compétences (Exemple:R3C8
C002_RECAP,NEGOCIER,MAITRISE,C002:récap compétences (Exemple:R3C8
C002_RECAP,PILOTER,MAITRISE,C002:récap compétences (Exemple:R3C8
C002_RECAP,SUPERVISER,MAITRISE,C002:récap compétences (Exemple:R3C8
C002_RECAP,CONFIER,PLAISIR,C002:récap compétences (Exemple:R4C8
C002_RECAP,DETERMINER,PLAISIR,C002:récap compétences (Exemple:R4C8
C002_RECAP,EVALUER,PLAISIR,C002:récap compétences (Exemple:R4C8
C002_RECAP,GUIDER,PLAISIR,C002:récap compétences (Exemple:R4C8
C002_RECAP,IMPULSER,PLAISIR,C002:récap compétences (Exemple:R4C8
C002_RECAP,INSPIRER,PLAISIR,C002:récap compétences (Exemple:R4C8
C002_RECAP,MOBILISER,PLAISIR,C002:récap compétences (Exemple:R4C8
C002_RECAP,NEGOCIER,PLAISIR,C002:récap compétences (Exemple:R4C8
C002_RECAP,PRESENTER,PLAISIR,C002:récap compétences (Exemple:R4C8
C002_RECAP,COORDONNER,RESULTAT,C002:récap compétences (Exemple:R18C8
C002_RECAP,MOBILISER,RESULTAT,C002:récap compétences (Exemple:R18C8
C002_RECAP,IMPULSER,MAITRISE,C002:récap compétences (Exemple:R19C8
C002_RECAP,MOBILISER,PLAISIR,C002:récap compétences (Exemple:R20C8
C002_RECAP,DIALOGUER,RESULTAT,C002:récap compétences (Exemple:R2C9
C002_RECAP,ECHANGER,RESULTAT,C002:récap compétences (Exemple:R2C9
C002_RECAP,ECOUTER,RESULTAT,C002:récap compétences (Exemple:R2C9
C002_RECAP,EXPRIMER,RESULTAT,C002:récap compétences (Exemple:R2C9
C002_RECAP,INFORMER,RESULTAT,C002:récap compétences (Exemple:R2C9
C002_RECAP,INTERROGER,RESULTAT,C002:récap compétences (Exemple:R2C9
C002_RECAP,TRANSMETTRE,RESULTAT,C002:récap compétences (Exemple:R2C9
C002_RECAP,DIALOGUER,PLAISIR,C002:récap compétences (Exemple:R4C9
C002_RECAP,ECHANGER,PLAISIR,C002:récap compétences (Exemple:R4C9
C002_RECAP,ECOUTER,PLAISIR,C002:récap compétences (Exemple:R4C9
C002_RECAP,ENQUETER,PLAISIR,C002:récap compétences (Exemple:R4C9
C002_RECAP,EXPRIMER,PLAISIR,C002:récap compétences (Exemple:R4C9
C002_RECAP,IMAGER,PLAISIR,C002:récap compétences (Exemple:R4C9
C002_RECAP,INFORMER,PLAISIR,C002:récap compétences (Exemple:R4C9
C002_RECAP,INTERROGER,PLAISIR,C002:récap compétences (Exemple:R4C9
C002_RECAP,PRESENTER,PLAISIR,C002:récap compétences (Exemple:R4C9
C002_RECAP,REDIGER,PLAISIR,C002:récap compétences (Exemple:R4C9
C002_RECAP,TRANSMETTRE,PLAISIR,C002:récap compétences (Exemple:R4C9
C002_RECAP,ECHANGER,RESULTAT,C002:récap compétences (Exemple:R18C9
C002_RECAP,ECOUTER,RESULTAT,C002:récap compétences (Exemple:R18C9
C002_RECAP,TRANSMETTRE,RESULTAT,C002:récap compétences (Exemple:R18C9
C002_RECAP,TRANSMETTRE,PLAISIR,C002:récap compétences (Exemple:R20C9
C002_RECAP,CLARIFIER,RESULTAT,C002:récap compétences (Exemple:R2C10
C002_RECAP,DEVELOPPER,RESULTAT,C002:récap compétences (Exemple:R2C10
C002_RECAP,DIAGNOSTIQUER,RESULTAT,C002:récap compétences (Exemple:R2C10
C002_RECAP,SENSIBILISER,RESULTAT,C002:récap compétences (Exemple:R2C10
C002_RECAP,SYNTHETISER,RESULTAT,C002:récap compétences (Exemple:R2C10
C002_RECAP,TRANSMETTRE,RESULTAT,C002:récap compétences (Exemple:R2C10
C002_RECAP,ACCOMPAGNER,PLAISIR,C002:récap compétences (Exemple:R4C10
C002_RECAP,APPRENDRE,PLAISIR,C002:récap compétences (Exemple:R4C10
C002_RECAP,CLARIFIER,PLAISIR,C002:récap compétences (Exemple:R4C10
C002_RECAP,CONSEILLER,PLAISIR,C002:récap compétences (Exemple:R4C10
C002_RECAP,ENSEIGNER,PLAISIR,C002:récap compétences (Exemple:R4C10
C002_RECAP,GUIDER,PLAISIR,C002:récap compétences (Exemple:R4C10
C002_RECAP,SENSIBILISER,PLAISIR,C002:récap compétences (Exemple:R4C10
C002_RECAP,TRANSMETTRE,PLAISIR,C002:récap compétences (Exemple:R4C10
C002_RECAP,TRANSMETTRE,RESULTAT,C002:récap compétences (Exemple:R18C10
C002_RECAP,TRANSMETTRE,PLAISIR,C002:récap compétences (Exemple:R20C10
C002_RECAP,ANALYSER,RESULTAT,C002:récap compétences (Exemple:R2C11
C002_RECAP,DETERMINER,RESULTAT,C002:récap compétences (Exemple:R2C11
C002_RECAP,EVALUER,RESULTAT,C002:récap compétences (Exemple:R2C11
C002_RECAP,RENTABILISER,RESULTAT,C002:récap compétences (Exemple:R2C11
C002_RECAP,SPECIFIER,RESULTAT,C002:récap compétences (Exemple:R2C11
C002_RECAP,ANALYSER,MAITRISE,C002:récap compétences (Exemple:R3C11
C002_RECAP,CHOISIR,MAITRISE,C002:récap compétences (Exemple:R3C11
C002_RECAP,DEFINIR,MAITRISE,C002:récap compétences (Exemple:R3C11
C002_RECAP,DETERMINER,MAITRISE,C002:récap compétences (Exemple:R3C11
C002_RECAP,EVALUER,MAITRISE,C002:récap compétences (Exemple:R3C11
C002_RECAP,OPTIMISER,MAITRISE,C002:récap compétences (Exemple:R3C11
C002_RECAP,RESOUDRE,MAITRISE,C002:récap compétences (Exemple:R3C11
C002_RECAP,DETERMINER,RESULTAT,C002:récap compétences (Exemple:R18C11
C002_RECAP,OPTIMISER,MAITRISE,C002:récap compétences (Exemple:R19C11
C002_RECAP,RESOUDRE,MAITRISE,C002:récap compétences (Exemple:R19C11
C002_RECAP,ARGUMENTER,RESULTAT,C002:récap compétences (Exemple:R2C12
C002_RECAP,CONVAINCRE,RESULTAT,C002:récap compétences (Exemple:R2C12
C002_RECAP,PERSUADER,RESULTAT,C002:récap compétences (Exemple:R2C12
C002_RECAP,PROPOSER,RESULTAT,C002:récap compétences (Exemple:R2C12
C002_RECAP,SUGGERER,RESULTAT,C002:récap compétences (Exemple:R2C12
C002_RECAP,ARGUMENTER,MAITRISE,C002:récap compétences (Exemple:R3C12
C002_RECAP,CONCLURE,MAITRISE,C002:récap compétences (Exemple:R3C12
C002_RECAP,CONSULTER,MAITRISE,C002:récap compétences (Exemple:R3C12
C002_RECAP,GUIDER,MAITRISE,C002:récap compétences (Exemple:R3C12
C002_RECAP,SELECTIONNER,MAITRISE,C002:récap compétences (Exemple:R3C12
C002_RECAP,CONVAINCRE,RESULTAT,C002:récap compétences (Exemple:R18C12
C002_RECAP,PROPOSER,RESULTAT,C002:récap compétences (Exemple:R18C12
C002_RECAP,GUIDER,MAITRISE,C002:récap compétences (Exemple:R19C12
C003_SHEET_1,ACCOMPAGNER,PLAISIR,C003:1:R4C11
C003_SHEET_1,APPRECIER,MAITRISE,C003:1:R5C3
C003_SHEET_1,ANIMER,PLAISIR,C003:1:R5C11
C003_SHEET_1,AMELIORER,RESULTAT,C003:1:R6C4
C003_SHEET_1,CONQUERIR,RESULTAT,C003:1:R10C4
C003_SHEET_1,ENTRAINER,PLAISIR,C003:1:R14C11
C003_SHEET_1,REGULER,MAITRISE,C003:1:R16C3
C003_SHEET_1,PROGRESSER,RESULTAT,C003:1:R18C4
C003_SHEET_1,SURVEILLER,MAITRISE,C003:1:R19C3
C003_SHEET_1,TRANSMETTRE,PLAISIR,C003:1:R20C11
C003_SHEET_2,CONQUERIR,MAITRISE,C003:2:R10C4
C003_SHEET_2,ELABORER,MAITRISE,C003:2:R12C4
C003_SHEET_2,COORDONNER,RESULTAT,C003:2:R12C7
C003_SHEET_2,ELABORER,PLAISIR,C003:2:R13C6
C003_SHEET_2,STIMULER,MAITRISE,C003:2:R20C4
C003_SHEET_2,FOURNIR,PLAISIR,C003:2:R20C6
C003_SHEET_2,PROGRAMMER,RESULTAT,C003:2:R23C7
C003_SHEET_2,REALISER,PLAISIR,C003:2:R27C6
C003_SHEET_2,STRUCTURER,RESULTAT,C003:2:R27C7
C003_SHEET_3,ACCOMPAGNER,PLAISIR,C003:3:R4C5
C003_SHEET_3,ASSURER,MAITRISE,C003:3:R6C6
C003_SHEET_3,ANTICIPER,RESULTAT,C003:3:R6C7
C003_SHEET_3,COLLABORER,PLAISIR,C003:3:R10C5
C003_SHEET_3,COORDONNER,RESULTAT,C003:3:R12C7
C003_SHEET_3,CONTRIBUER,PLAISIR,C003:3:R13C5
C003_SHEET_3,FORMER,MAITRISE,C003:3:R19C6
C003_SHEET_3,PLANIFIER,RESULTAT,C003:3:R22C7
C003_SHEET_3,METTRE_EN_PLACE,MAITRISE,C003:3:R23C6
